Website,Company
http://www.botanictonics.com,Botanic Tonics
http://www.newmansown.com,"Newman's Own, Inc."
http://www.genatural.com,Good Earth Natural Foods
http://www.hirsch.com,"Hirsch Pipe & Supply Co., Inc."
http://www.colectivo.com,Colectivo Coffee
http://www.fnxfit.com,FNX Fit
http://www.holisticheal.com,Holistic Health International
http://www.compoundingrxusa.com,Compounding Pharmacy of America
http://www.hawsco.com,HawsÃ‚Â®
http://www.onyxbrands.com,"Onyx Brands, Inc."
http://www.wakunaga.com,"Wakunaga Of America Co., Ltd."
http://www.ceres.org,"Ceres, Inc."
http://www.ecopromotionsonline.com,"Eco Promotional Products, Inc."
http://www.iddba.org,IDDBA
http://www.operationfoodsearch.org,Operation Food Search
http://www.newearth.com,New Earth Co.
http://www.cacfp.org,National CACFP Sponsors Association
http://www.americanhort.org,AmericanHort
http://www.gaiaherbs.com,Gaia Herbs
http://www.getplantwise.com,plantwise
http://www.pureinventions.com,Pure Inventions
http://www.cleaninginstitute.org,American Cleaning Institute
http://www.ruleoneproteins.com,"Rule One Proteins, LLC"
http://www.kennedygrp.com,The Kennedy Group
http://www.adpi.org,American Dairy Products Institute
http://www.childrenshealthfund.org,Children's Health Fund
http://www.humankindwater.com,"Humankind Beverage, LLC"
http://www.yorkwater.com,The York Water Company
http://www.mosaicdx.com,Mosaic Diagnostics
http://www.credobeauty.com,Credo Beauty
http://www.vitalnutrients.co,Vital Nutrients
http://www.mindbodygreen.com,mindbodygreen.com
http://www.drinkolipop.com,OLIPOP PBC
http://www.faynutrition.com,Fay
http://www.ecosystems.io,Ecosystems.io
http://www.weleda.com,Weleda USA
http://www.moxiejava.com,Moxie Java
http://www.we-o.com,Weo
http://www.secondwindwater.com,Secondwind Water Systems Inc.
http://www.selectsires.com,Select Sires Inc.
http://www.jcsalesweb.com,JC Sales
http://www.heartlandfoods.com,Heartland Foods
http://www.mortonbassett.com,Morton & Bassett Spices
http://www.thrivelife.com,Thrive Life
http://www.gophersport.com,Gopher Sport
http://www.epwater.org,El Paso Water
http://www.blessthismessplease.com,Bless This Mess
http://www.incredibleegg.org,American Egg Board
http://www.oshkoshymca.org,Oshkosh Community YMCA
http://www.dubnutrition.com,Dub Nutrition
http://www.drjohns.com,Dr. John's Healthy Sweets
http://www.alivecu.coop,Alive Credit Union
http://www.premierproduceone.com,Premier ProduceOne
http://www.stashtea.com,Stash Tea Company
http://www.perelelhealth.com,Perelel
http://www.mcpur.com,Mar Cor
http://www.bariatricfusion.com,Bariatric Fusion
http://www.ajinomotofoods.com,"Ajinomoto Windsor, Inc."
http://www.waltonpost.com,"Walton & Post, Inc."
http://www.marysgonecrackers.com,"Mary's Gone Crackers, Inc."
http://www.aerogrow.com,AeroGrow International
http://www.shockdoctor.com,Shock Doctor
http://www.pvwc.com,PASSAIC VALLEY WATER COMMISSION
http://www.progressivelabs.com,"Progressive Laboratories, Inc."
http://www.well-concepts.com,Wellness Concepts Inc.
http://www.foodcorps.org,FoodCorps
http://www.wqa.org,Water Quality Association
http://www.dreamtreefamily.com,Dream Tree Family
http://www.unitedsalt.com,United Salt Corporation
http://www.bioassaysys.com,BioAssay Systems
http://www.refuelmarket.com,"Refuel Operating Company, LLC"
http://www.myhdiet.com,Hallelujah Diet
http://www.projectwellbeing.co,Project Wellbeing LLC
http://www.pure-watersolutions.com,Pure Water Solutions
http://www.readywise.com,ReadyWise
http://www.serrv.org,SERRV International
http://www.ahealthieramerica.org,Partnership for a Healthier America
http://www.higi.com,"Higi, a Modivcare service"
http://www.crystalgeyserplease.com,CG Roxane LLC (Crystal GeyserÃ‚Â® Alpine Spring WaterÃ‚Â®)
http://www.fmi.org,FMI- The Food Industry Association
http://www.groundcentral.com,Ground Central Coffee Company
http://www.ruelala.com,Rue La La
http://www.farm-equipment.com,Farm Equipment
http://www.lebleu.com,Le Bleu Corporation
http://www.ucan.co,UCAN
http://www.lubetech.com,Lube-Tech
http://www.serendipity3.com,Serendipity
http://www.clear2o.com,Applica Consumer Products
http://www.puritansprings.com,Puritan Springs Water
http://www.jimbos.com,Jimbo's
http://www.wearlively.com,WearLIVELY
http://www.home-coming.com,Homecoming
http://www.physiq.com,physIQ
http://www.kirkmangroup.com,Kirkman Group
http://www.nasscoinc.com,Nassco Inc.
http://www.lovewellness.com,Love Wellness
http://www.foodpharma.com,FoodPharma
http://www.xymogen.com,XYMOGEN
http://www.espresso-services.com,Espresso Services Inc.
http://www.americandairy.com,American Dairy Association
http://www.placon.com,Placon Corporation
http://www.amana.com,Amana
http://www.culligankansascity.com,Culligan Water of Greater Kansas City
http://www.smithtea.com,Smith Teamaker
http://www.countrylifevitamins.com,Country Life
http://www.herbco.com,Monterey Bay Herb Co. - HerbCo.com
http://www.health-ade.com,Health-Ade
http://www.smartypantsvitamins.com,SmartyPants Vitamins
http://www.ultimareplenisher.com,"Ultima Health Products, Inc"
http://www.thrivefarmers.com,Thrive Farmers
http://www.realgoodfoods.com,Real Good Foods
http://www.bottlecrew.com,The Bottle Crew
http://www.nextlevelburger.com,Next Level Burger
http://www.inspire.com,Inspire
http://www.maryruthorganics.com,MaryRuth's
http://www.vobev.com,Vobev
http://www.wineintubes.com,TUBES - Wines & Spirits by the glass
http://www.philabundance.org,Philabundance
http://www.bigelowtea.com,Bigelow Tea
http://www.zumbiel.com,Zumbiel
http://www.herb-pharm.com,Herb Pharm LLC
http://www.mobeforlife.com,MOBÃ„â€™
http://www.eldoradosprings.com,Eldorado Natural Spring Water
http://www.mommysbliss.com,Mommy's Bliss
http://www.famous-smoke.com,Famous Smoke Shop
http://www.8greens.com,8Greens
http://www.transcendcompany.com,Transcend
http://www.designsforhealth.com,Designs for Health
http://www.veggiesmadegreat.com,Veggies Made GreatÃ‚Â®
http://www.esbenshades.com,Esbenshade's Greenhouses Inc.
http://www.lairdsuperfood.com,Laird Superfood
http://www.mysisterscloset-boutique.com,"My Sister's Closet, LLC"
http://www.bulletproof.com,Bulletproof 360
http://www.vosswater.com,VOSS Water
http://www.iloveorganicgirl.com,organicgirl
http://www.brooksideflavors.com,Brookside Flavors and Ingredients
http://www.seliggroup.com,Selig Group
http://www.niagaracorp.com,Niagara Conservation
http://www.l-nutra.com,"L-Nutra, Inc"
http://www.getrawnutrition.com,Raw Nutrition
http://www.dupure.com,Dupure
http://www.usada.org,U.S. Anti-Doping Agency
http://www.mesawater.org,Mesa Water District
http://www.casshealth.org,Cass Health
http://www.traditionalmedicinals.com,Traditional Medicinals
http://www.glasslewis.com,"Glass, Lewis & Co."
http://www.hydralyte.com,HydraLyte
http://www.forumhealth.com,Forum Health
http://www.thorne.com,Thorne
http://www.snapkitchen.com,Snap Kitchen
http://www.metrocrestservices.org,Metrocrest Services
http://www.boysmells.com,Boy Smells
http://www.americanmedicalstaffing.com,American Medical Staffing
http://www.drinkkarma.com,Karma Water
http://www.awwa.org,American Water Works Association
http://www.drinktrade.com,Trade Coffee
http://www.rishi-tea.com,Rishi Tea & Botanicals
http://www.thistlefarms.org,Thistle Farms
http://www.goodguyvapes.com,"Good Guy Vapes, Glass & CBD"
http://www.nancysyogurt.com,Springfield Creamery
http://www.girlscoutshcc.org,Girl Scouts Heart of Central California
http://www.physicianschoice.com,Physician's ChoiceÃ‚Â®
http://www.urbanremedy.com,Urban Remedy
http://www.brewdrkombucha.com,Brew Dr. Kombucha
http://www.ccdistributors.com,"CC Distributors, Inc."
http://www.coffeebeanery.com,Coffee Beanery
http://www.wmyogurt.com,White Mountain Foods
http://www.texas-wholesale.com,Texas Wholesale
http://www.childlifenutrition.com,ChildLife Essentials
http://www.wildpackbev.com,Wildpack Beverage
http://www.trueessencefoods.com,True Essence Foods
http://www.citymeals.org,Citymeals on Wheels
http://www.containerandpackaging.com,Container and Packaging
http://www.plthealth.com,PLT Health Solutions
http://www.easyice.com,Easy Ice
http://www.harristea.com,Harris Tea Company
http://www.artnaturals.com,artnaturals
http://www.flexpromeals.com,FlexPro Meals
http://www.afia.org,American Feed Industry Association (AFIA)
http://www.emeals.com,eMeals.com
http://www.jonessoda.com,Jones Soda Co.
http://www.hfsresearch.com,HFS Research
http://www.cosbar.com,Cos Bar
http://www.sanfordhealthplan.com,Sanford Health Plan
http://www.sunbum.com,Sun Bum
http://www.ingredientsplus.com,ingredients PLUS
http://www.intivity.com,Intivity Inc.
http://www.endocrine.org,Endocrine Society
http://www.businessgrouphealth.org,Business Group on Health
http://www.thymes.com,Thymes
http://www.gorillamind.com,Gorilla Mind
http://www.numitea.com,Numi Organic Tea
http://www.naturade.com,Naturade
http://www.premiumlabelandpackaging.com,Premium Label & Packaging Solutions
http://www.stickyfingerscooking.com,Sticky Fingers Cooking
http://www.iwvwd.com,INDIAN WELLS VALLEY WATER DISTRICT
http://www.fungi.com,Fungi Perfecti LLC
http://www.fbdfrozen.com,"FBD Partnership, LP"
http://www.harrisfreeman.com,Harris Freeman & Co
http://www.growgeneration.com,GrowGeneration Corp
http://www.fermentedfoodholdings.com,Fermented Food Holdings (FFH)
http://www.purelyelizabeth.com,Purely Elizabeth
http://www.bupasalud.com,Bupa Global LatinoamÃƒÂ©rica
http://www.shapeamerica.org,SHAPE America
http://www.gingerpeople.com,The Ginger PeopleÃ‚Â® / Ginger People Group
http://www.neverthirstwater.org,neverthirst
http://www.federalpackage.com,FP Labs at Federal Package
http://www.charitywater.org,charity: water
http://www.rolandfoods.com,"Roland Foods, LLC"
http://www.wwproduce.com,Worldwide Produce
http://www.youtopia.com,Youtopia
http://www.heartmath.com,HeartMath Inc.
http://www.zenwise.com,Zenwise
http://www.legionathletics.com,Legion
http://www.viome.com,Viome
http://www.nakednutrition.com,Naked Nutrition
http://www.foodrelated.com,Food Related
http://www.boomerangwater.com,Boomerang Water
http://www.gatsport.com,GAT Sport
http://www.lifewaykefir.com,"Lifeway Foods, Inc."
http://www.zenwtr.com,ZenWTR
http://www.boostoxygen.com,Boost Oxygen
http://www.sfbaycoffee.com,San Francisco Bay Coffee
http://www.lifestraw.com,LifeStraw
http://www.puritycoffee.com,Purity Coffee
http://www.joffreys.com,Joffrey's Coffee & Tea Company
http://www.botrista.com,"Botrista, Inc."
http://www.sunfood.com,Sunfood Superfoods
http://www.cspinet.org,Center for Science in the Public Interest
http://www.coway-usa.com,Coway USA
http://www.everytable.com,Everytable
http://www.kikoko.com,KIKOKO
http://www.thedr.com,TheDr.com
http://www.chaucerfoods.com,Chaucer
http://www.dripdrop.com,"DripDrop Hydration, PBC"
http://www.panfoundation.org,PAN Foundation
http://www.alexandrefamilyfarm.com,Alexandre Family Farm
http://www.teatulia.com,Teatulia Organic Teas
http://www.tampabaywater.org,Tampa Bay Water
http://www.thecrowdfundingformula.com,TCF Team (The Crowdfunding Formula)
http://www.positivepromotions.com,Positive Promotions
http://www.bevi.co,Bevi
http://www.edwardandsons.com,"Edward & Sons Trading Company, Inc."
http://www.com,Des Moines Water Works
http://www.servings.org,Community Servings
http://www.vivalon.org,Vivalon
http://www.natureslab.com,Nature's Lab
http://www.logomark.com,Logomark
http://www.ofbf.org,Ohio Farm Bureau
http://www.chickensoup.com,Chicken Soup for the Soul
http://www.alkaviva.com,"AlkaViva, LLC"
http://www.lifemd.com,LifeMD
http://www.senior.com,Senior.com
http://www.artoftea.com,Art of Tea
http://www.hasa.com,HASA Pool Inc.
http://www.hhdonline.com,Holiday House Distributing
http://www.connexfm.com,ConnexFM | The Multi-Site Facilities Management Network
http://www.globalcompassioncoalition.org,Global Compassion Coalition
http://www.consolidatedlabel.com,Consolidated Label Co.
http://www.ampac1.com,Ampac USA
http://www.healthiergeneration.org,Alliance for a Healthier Generation
http://www.popandbottle.com,Pop & Bottle
http://www.foodbankcny.org,Food Bank of Central New York
http://www.apha.org,American Public Health Association
http://www.drinktractor.com,Tractor Beverage Co.
http://www.fuchsna.com,Fuchs North America
http://www.asdevelop.org,APPALACHIAN SUSTAINABLE DEVELOPMENT
http://www.nacufs.org,NACUFS
http://www.useverb.com,UseVerb
http://www.primalkitchen.com,"Primal Kitchen (Primal Nutrition, LLC)"
http://www.theprepkitchen.com,The Prep Kitchen
http://www.abelsupply.com,"Abel Industries, Inc."
http://www.govvi.com,Govvi
http://www.healthybaby.com,HealthyBaby
http://www.creeksidesprings.com,Creekside Springs
http://www.allinahealthaetna.com,Allina Health | Aetna
http://www.thesynergycompany.com,The Synergy CompanyÃ¢â€žÂ¢
http://www.getsoul.com,Soul
http://www.intermountainnutrition.com,Intermountain Nutrition
http://www.1businessworld.com,1BusinessWorld
http://www.eatthechange.com,Eat the Change
http://www.knowewell.com,KnoWEwell
http://www.itoen.com,ITO EN (North America) INC.
http://www.lawsonsfinest.com,Lawson's Finest Liquids
http://www.vitalityglobal.com,Vitality Global
http://www.fmsc.org,Feed My Starving Children
http://www.dailytable.org,Daily Table
http://www.healthplusinc.com,Health Plus Inc
http://www.mattsonco.com,Mattson: Innovation for the Food & Beverage Industry
http://www.phytagelaboratories.com,PhytAge Labs
http://www.petmate.com,Petmate
http://www.vtfoodbank.org,Vermont Foodbank
http://www.bunnyjamesboxes.com,Bunny James Boxes
http://www.abiresearch.com,ABI Research
http://www.apebeverages.com,Ape Beverages Co
http://www.riseagainsthunger.org,Rise Against Hunger
http://www.intelligentnutrients.com,Intelligent Nutrients
http://www.verbbiotics.com,Verb Biotics
http://www.kleankanteen.com,Klean KanteenÃ‚Â®
http://www.drinkmoment.com,Moment | Drink Your Meditation
http://www.foodpantry.org,The Open Door
http://www.virun.com,"VirunÃ‚Â®, Inc."
http://www.shefit.com,SHEFITÃ‚Â®
http://www.genwater.com,"General Water Technologies, INC."
http://www.filtersfast.com,FiltersFast.com
http://www.midwestdairy.com,Midwest Dairy
http://www.noonbrew.co,MoonBrew
http://www.oasiscoolers.com,OASIS International
http://www.bragg.com,"Bragg Live Food Products, LLC"
http://www.choicelunch.com,Choicelunch
http://www.usfarmersandranchers.org,U.S. Farmers & Ranchers in Action
http://www.dairymax.org,Dairy MAX Inc.
http://www.howgood.com,HowGood
http://www.healthliteracysolutions.org,Institute for Healthcare Advancement
http://www.bodepro.com,BodÃ„â€œ Pro
http://www.mercola.com,Mercola.com
http://www.cspnj.org,Collaborative Support Programs of NJ
http://www.1800petmeds.com,PetMedsÃ‚Â®
http://www.axeandsledge.com,Axe & Sledge Supplements
http://www.jockofuel.com,JOCKO FUEL
http://www.blueshiftnutrition.com,Blueshift Nutrition
http://www.eniva.com,Eniva Health
http://www.farmtopeople.com,Farm To People
http://www.sakara.com,Sakara Life
http://www.trueterpenes.com,True Terpenes
http://www.probiorahealth.com,ProBiora Health LLC
http://www.openarmsmn.org,Open Arms of Minnesota
http://www.heartandsoil.co,Heart & Soil
http://www.emetabolic.com,Metabolic Research Center Inc.
http://www.adagio.com,Adagio Teas
http://www.hydroflow-usa.com,HydroFLOW USA
http://www.mansports.com,MAN Sports
http://www.farmlinkhawaii.com,Farm Link HawaiÃ¢â‚¬Ëœi
http://www.andronicos.com,Andronico's Markets
http://www.scdprobiotics.com,"SCD Probiotics, LLC"
http://www.forward-global.org,Forward Global
http://www.aquamembranes.com,"Aqua Membranes, Inc."
http://www.chamberlaincoffee.com,Chamberlain Coffee
http://www.biteable.com,Biteable
http://www.morelabs.com,More Labs
http://www.bpisports.com,BPI Sports
http://www.vitacup.com,"VitaCup, Inc."
http://www.regowholesale.com,Rego Trading Inc
http://www.chicagosfoodbank.org,Greater Chicago Food Depository
http://www.communityfoodshare.org,Community Food Share
http://www.commoncollabs.com,Common Collabs
http://www.milkmeansmore.org,Milk Means More
http://www.forsythfarmersmarket.com,Forsyth Farmers' Market
http://www.voyagefoods.com,Voyage Foods
http://www.hydropeptide.com,HydroPeptide
http://www.nationwidemedicalsupplies.com,"Nationwide Medical Supply, Inc."
http://www.scribd.com,"Scribd, Inc."
http://www.gogrocerchicago.com,Go Grocer
http://www.seasonhealth.com,Season Health
http://www.pgh2o.com,Pittsburgh Water and Sewer Authority
http://www.benedlife.com,Bened Life
http://www.riverbendfoodbank.org,River Bend Food Bank
http://www.sustainablebrands.com,Sustainable Brands
http://www.thefoodbank.org,Second Harvest Food Bank Santa Cruz County
http://www.newswise.com,Newswise
http://www.parkscoffee.com,Parks Coffee
http://www.theideamix.com,ideamix
http://www.earthbar.com,Earthbar
http://www.freeflowwines.com,Free Flow Wines
http://www.packlabs.com,Pack Labs
http://www.corroshop.com,Corro
http://www.goerrand.com,Errand
http://www.thegadgetflow.com,Gadget Flow
http://www.garagegrowngear.com,Garage Grown Gear
http://www.kimcmarket.com,Kim'C Market
http://www.plantbasedfoods.org,Plant Based Foods Association
http://www.platformideas.com,Platform Ideas
http://www.thedairyalliance.com,The Dairy Alliance
http://www.gfi.org,The Good Food Institute
http://www.chicagofaucets.com,Chicago Faucets
http://www.alchemco.com,Alchemco
http://www.lafco.com,LAFCO New York
http://www.scottlab.com,Scott Laboratories
http://www.vitalityworks.com,"Vitality Works, Inc"
http://www.ember.com,"Ember Technologies, Inc."
http://www.aakronline.com,AAkron
http://www.moonjuice.com,Moon Juice
http://www.mountainglacier.com,MOUNTAIN GLACIER LLC
http://www.nutrablendfoods.com,Nutrablend Foods
http://www.sofia-health.com,Sofia Health
http://www.girlscoutslp.org,Girl Scouts Lakes and Pines
http://www.thrivelab.com,Thrivelab
http://www.actionsales.com,Action Sales Food Service Equipment & Supplies
http://www.dymatize.com,Dymatize
http://www.swansonvitamins.com,Swanson Health
http://www.ancestralsupplements.com,Ancestral Supplements
http://www.girlscoutsnv.org,Girl Scouts of Southern Nevada
http://www.theperfumery.com,The Perfumery
http://www.boochcraft.com,Boochcraft
http://www.eatcleanbro.com,"Eat Clean Bro, LLC"
http://www.smartwyre.com,Smartwyre
http://www.aiha.org,American Industrial Hygiene Association (AIHA)
http://www.the-qi.com,The Qi
http://www.pk-research.com,P&K Research
http://www.sfnaturals.net,"San Francisco Naturals, Inc."
http://www.goodbelly.com,GoodBelly
http://www.loopneighborhood.com,Loop Neighborhood
http://www.dietdirect.com,Diet Direct
http://www.businesssupply.com,United Business Supply
http://www.beansandbrews.com,Beans & Brews Coffeehouse
http://www.hungernetwork.org,Hunger Network
http://www.fruitful.com,Fruitful
http://www.animamundiherbals.com,Anima Mundi Herbals
http://www.coopportunity.com,Co-opportunity Market
http://www.bdnutritional.com,B&D Nutritional Ingredients
http://www.orimt.org,"Opportunity Resources, Inc"
http://www.planetarydesign.com,Planetary Design
http://www.altruis.com,Altruis
http://www.smps.org,SMPSÃ¢â‚¬â€Society for Marketing Professional Services
http://www.aromaco.com,Aroma Housewares Co.
http://www.iiec.org,International Institute for Energy Conservation (IIEC)
http://www.parksupplyofamerica.com,Park Supply of America
http://www.schoolnutrition.org,School Nutrition Association
http://www.c-n.expert,CN
http://www.mightynest.com,MightyNest
http://www.epromos.com,ePromos Promotional Products
http://www.sparkhealth.com,Spark Health
http://www.concernusa.org,Concern Worldwide US
http://www.freshwatersystems.com,Fresh Water Systems
http://www.greenandtonic.com,Green & Tonic
http://www.thissaveslives.com,This Saves Lives
http://www.abwappliances.com,ABW Appliances
http://www.karatpackaging.com,KaratÃ‚Â® by LollicupÃ¢â€žÂ¢
http://www.bodybio.com,BodyBio
http://www.wishgardenherbs.com,WishGarden Herbs
http://www.outpost.coop,Outpost Natural Foods Cooperative
http://www.matchaful.com,Matchaful
http://www.celiac.org,Celiac Disease Foundation
http://www.greatlakeslabel.com,"Great Lakes Label, LLC"
http://www.northeastern.com,Northeastern Supply
http://www.spiceology.com,Spiceology
http://www.allergyresearchgroup.com,Allergy Research Group
http://www.hello-products.com,Hello Products LLC
http://www.friendsoffice.com,FriendsOffice
http://www.glowbiotics.com,GLOWBIOTICS
http://www.fullleafteacompany.com,Full Leaf Tea Company
http://www.everytexan.org,Every Texan
http://www.cascadehealth.org,Cascade Health
http://www.thesearchmonitor.com,The Search Monitor
http://www.callawayblue.com,Callaway Blue Spring Water
http://www.cloveandtwine.com,Clove & Twine
http://www.giawellness.com,GIA Wellness
http://www.customflavors.com,Custom Flavors
http://www.general-goods.com,General Goods
http://www.elementalwellnesscenter.com,Elemental Wellness Center
http://www.fontiswater.com,Fontis Water
http://www.justaddbuoy.com,Buoy
http://www.bradmanlake.com,Bradman Lake Group - Integrated Packaging Technology
http://www.onyxcoffeelab.com,Onyx Coffee Lab
http://www.proudsourcewater.com,Proud Source Water
http://www.rcherbals.com,RidgeCrest Herbals
http://www.justfoodfordogs.com,JustFoodForDogs
http://www.biocidin.com,Biocidin Botanicals
http://www.carkw.com,Central Arkansas Water
http://www.dairycouncilofca.org,Dairy Council of California
http://www.ebags.com,eBags
http://www.healthiapp.com,Healthi
http://www.oregonswildharvest.com,Oregon's Wild Harvest
http://www.pishposhbaby.com,PishPoshBaby
http://www.virusintl.com,Virus International
http://www.reddyraw.com,"Reddy Raw, Inc."
http://www.thecompliancecenter.com,ICC Compliance Center Inc
http://www.buyorenda.com,Orenda International
http://www.peaceathomeparenting.com,Peace At Home Parenting Solutions
http://www.rawgeneration.com,Raw Generation
http://www.brightcellars.com,Bright Cellars
http://www.flipcost.com,Flipcost
http://www.elixir.com,Elixir Technologies
http://www.newenglanddairy.com,New England Dairy
http://www.spicinfoods.com,Spicin Foods
http://www.anfponline.org,Association of Nutrition & Foodservice Professionals (ANFP)
http://www.nomnomnow.com,Nom Nom
http://www.oceanblueinnovation.com,Ocean Blue Innovation
http://www.highmowingseeds.com,High Mowing Organic Seeds
http://www.healthnutla.com,Health Nut
http://www.fitnessblender.com,Fitness Blender
http://www.revsupps.com,RevolutionaryFitness USA
http://www.mannlakeltd.com,Mann Lake Bee & Ag Supply
http://www.pacificfoods.com,Pacific Foods
http://www.everesticeandwater.com,Everest Ice and Water Systems
http://www.walnuts.org,California Walnut Board & Commission
http://www.youtheory.com,Nutrawise Health and Beauty (Youtheory)
http://www.matchabar.co,MatchaBar
http://www.toadandco.com,Toad&Co
http://www.prosupps.com,ProSupps USA
http://www.captivaco.com,Captiva Containers
http://www.foodallergy.org,FARE
http://www.individualfoodservice.com,"Individual Foodservice, Proudly Part of BradyPLUS"
http://www.equatorcoffees.com,Equator Coffees
http://www.snarkytea.com,Snarky Tea
http://www.researchnester.com,Research Nester Analytics
http://www.babyliveadvice.com,"BabyLiveAdvice, INC"
http://www.everythingkitchens.com,Everything Kitchens
http://www.senchateabar.com,Sencha Tea Bar
http://www.nutritionforlongevity.com,Nutrition for Longevity Inc.
http://www.termly.io,Termly
http://www.wellcoffeehouse.com,The Well Coffeehouse
http://www.jeefoods.org,JEE Foods
http://www.rawfountainjuice.com,RAW Fountain Juice
http://www.dailyburn.com,Daily Burn
http://www.buriedtreasureln.com,Life Line Foods
http://www.msmarket.coop,Mississippi Market Natural Foods Co-op
http://www.bbqgalore.com,Barbeques Galore
http://www.drinkclearfast.com,CF Nutrition
http://www.drinkmomwater.com,Mom Water
http://www.everymarket.com,EveryMarket
http://www.yogiproducts.com,Yogi
http://www.katzglutenfree.com,Katz Gluten Free
http://www.kettleandfire.com,Kettle & Fire
http://www.tigerfitness.com,Tiger Fitness
http://www.lostempireherbs.com,Lost Empire Herbs
http://www.lbh2o.com,LB Water
http://www.chelseagardencenter.com,Chelsea Garden Center
http://www.cannifygoods.com,Cannify
http://www.whyunified.com,Why UnifiedÃ‚Â®
http://www.drinkmymuse.com,MyMuse
http://www.imperialpaper.com,Imperial Paper Company
http://www.libdib.com,"LibDib, LLC"
http://www.championbrands.net,"Champion Brands, Inc"
http://www.sadaf.com,Sadaf Foods
http://www.barefootcoffee.com,Barefoot Coffee
http://www.drinkoptimum.com,Optimum Water Solutions
http://www.impactentrepreneur.com,Impact Entrepreneur
http://www.tonysfreshmarket.com,Tony's Fresh Market
http://www.idealnutritionnow.com,Ideal Nutrition LLC
http://www.synbiotichealth.com,Synbiotic Health
http://www.drinkhint.com,Hint Inc.
http://www.organifishop.com,organifi
http://www.makerx.com,Pharmacy Specialists Compounding Pharmacy
http://www.choctawkaul.com,Choctaw-Kaul Distribution Company
http://www.complete-water.com,Complete Water Solutions
http://www.aquasana.com,Aquasana
http://www.hawaiicoffeecompany.com,Hawaii Coffee Company
http://www.arteao.com,ARTEO
http://www.sunsweet.com,Sunsweet Growers Inc.
http://www.prlabs.com,Premier Research Labs
http://www.noobenergy.com,Noob
http://www.mochidoki.com,Mochidoki
http://www.baxtersna.com,Baxters North America
http://www.xendurance.com,Xendurance
http://www.orthomolecularproducts.com,Ortho Molecular Products
http://www.thefruitcompany.com,The Fruit Company
http://www.teaforte.com,Tea Forte
http://www.powerbrands.us,Power Brands
http://www.guaranteedfoods.com,Guaranteed Foods Inc
http://www.europasports.com,Europa Sports Partners
http://www.blackoakcoffee.com,Black Oak Coffee Roasters
http://www.mellowfellow.fun,Mellow Fellow
http://www.uswatersystems.com,"US Water Systems, Inc"
http://www.wincous.com,Winco
http://www.riordanclinic.org,Riordan Clinic
http://www.profitero.com,Profitero
http://www.teamiblends.com,Teami Blends
http://www.blakeequip.com,Blake Equipment
http://www.avalonh2o.com,Avalon
http://www.tribucha.com,Tribucha
http://www.earthsciencegrowing.com,Earth Science
http://www.withpower.com,Power
http://www.officialsynapse.com,Synapse: Center for Health & Healing
http://www.commonground.coop,Common Ground Food Co-op
http://www.macrobaby.com,MacroBaby
http://www.ccrsurveys.com,Creative Consumer Research
http://www.wholeharvest.com,Whole Harvest
http://www.theteaspot.com,The Tea Spot
http://www.shoppout.com,POUT Cosmetics & Skin Studio
http://www.emeraldwater.com,Emerald Water
http://www.oneworldomaha.org,OneWorld Community Health Centers
http://www.prolacta.com,Prolacta Bioscience
http://www.hidratespark.com,HidrateSpark
http://www.aptechgroup.com,"APTech Group, Inc."
http://www.teavendor.com,International Tea Importers
http://www.bedemco.com,Bedemco Incorporated
http://www.buddhateas.com,Buddha Teas
http://www.zinus.com,Zinus
http://www.republicoftea.com,The Republic of Tea
http://www.officesupply.com,OfficeSupply.com
http://www.homewatersolutionsllc.com,Home Water Solutions
http://www.traceminerals.com,Trace Minerals
http://www.hivebrands.com,Hive Brands
http://www.gfuel.com,G FUEL
http://www.youngevity.com,Youngevity Distributor
http://www.palmdalewater.org,Palmdale Water District
http://www.therapystores.com,Therapy Stores Inc
http://www.swcs.org,Soil and Water Conservation Society
http://www.rlk-inc.com,"RLK & Associates, Inc."
http://www.dependablefood.com,Dependable Food Corp
http://www.dynamaxx.com,DynaMAXX International
http://www.investgomarket.com,InvestGo
http://www.macrosinc.net,Macros Inc
http://www.flavorman.com,Flavorman
http://www.vitaminenergy.com,Vitamin EnergyÃ‚Â®
http://www.cleanprogram.com,Clean Program
http://www.ionnl.com,"Ion Labs, Inc."
http://www.whiteliontea.com,White Lion Tea
http://www.managelife.co,ManageLife
http://www.medwatersystems.com,Med Water Systems
http://www.pi-nutrition.com,Performance Inspired Nutrition
http://www.epackagesupply.com,ePackage Supply
http://www.easternfloral.com,Eastern Floral
http://www.foodispower.org,Food Empowerment Project
http://www.tebellatea.com,TeBella Tea Company
http://www.crossfitinvictus.com,"Invictus Fitness, Inc."
http://www.azerscientific.com,Azer Scientific
http://www.supplyitall.com,Kaffe Magnum Opus
http://www.annies.com,Annie's Inc.
http://www.simplynutrition.com,Simply Nutrition
http://www.seebiz.com,SeeBiz Inc.
http://www.importacionesonline.net,Importaciones
http://www.lifeforce.net,Life Force
http://www.kitch.com,"Kitch Attorneys & Counselors, PC"
http://www.jtmfoodgroup.com,J.T.M. Food Group
http://www.foodfairmarkets.com,Food Fair Supermarket
http://www.librausa.com,"LIBRA, INC."
http://www.craftabrew.com,Craft A Brew
http://www.skywell.com,Skywell
http://www.everymeal.org,Every Meal
http://www.fontecoffee.com,Fonte Coffee Roaster
http://www.talitha.com,Talitha Coffee
http://www.beautyplussalon.com,Beauty Plus Salon
http://www.infoodmarketing.com,IN Food Marketing & Design
http://www.nuunlife.com,Nuun Hydration
http://www.pbsorder.com,Preferred Business Solutions Texas
http://www.binscience.com,"Roex, Inc."
http://www.pcimedia.org,PCI Media
http://www.madeinamericastore.com,Made In America Store
http://www.realsimple.com,Real Simple
http://www.everybodyeating.com,"Whole & Free Foods, LLC - Every Body EatÃ‚Â®"
http://www.cabotcreamery.com,Cabot Creamery Cooperative
http://www.beprepared.com,Emergency EssentialsÃ‚Â®
http://www.naturalchoicewater.com,Natural Choice Corporation
http://www.enjoylifefoods.com,Enjoy Life Foods
http://www.smallflower.com,Merz Apothecary
http://www.thatsitfruit.com,That's it.
http://www.favoritespromotionals.com,Favorites
http://www.clearwaterservices.com,Clear Water Services
http://www.rynopower.com,Ryno Power Sports Supplements
http://www.drinksupercoffee.com,Super Coffee
http://www.hybridperformancemethod.com,HYBRID Performance Method
http://www.greenpharmacyonline.com,Green Pharmacy
http://www.bespokepost.com,Bespoke Post
http://www.thehustle.co,The Hustle
http://www.kaufmancontainer.com,Kaufman Container
http://www.marketviewliquor.com,"Marketview Liquor, Inc."
http://www.drinkdona.com,DONA
http://www.atpgroup.com,ATPGroup
http://www.kos.com,KOS
http://www.tonyscoffee.com,Tony's Coffee
http://www.e-rewards.com,e-Rewards
http://www.thebrothersapothecary.com,The Apothecary
http://www.yes-chef.com,Yes Chef!
http://www.questnutrition.com,Quest Nutrition
http://www.wildernessathlete.com,Wilderness Athlete
http://www.yellsy.com,YELLSY LLC
http://www.honestweight.coop,Honest Weight Food Co-op
http://www.breinfuel.com,Breinfuel
http://www.copackinc.com,Co-Pack Inc.
http://www.ithacacoffee.com,Ithaca Coffee Company
http://www.commerce.vc,Commerce Ventures
http://www.heywaterman.com,Culligan Clean Water
http://www.suncoastpaper.com,SunCoast Paper & Chemical
http://www.wellements.com,Wellements
http://www.invitehealth.com,"InVite Health, Inc."
http://www.procapslabs.com,ProCaps Laboratories
http://www.popus.com,"Prince of Peace Enterprises, Inc."
http://www.alamaroakland.com,alamar
http://www.ophorawater.com,"Ophora Water Technologies, LLC"
http://www.atlantic-oase.com,Atlantic-Oase
http://www.custompapertubes.com,Custom Paper Tubes LLC
http://www.rawjuce.com,Raw JÃ…Â«ce
http://www.safeplumbing.org,Plumbing Manufacturers International
http://www.seattlesutton.com,Seattle Sutton's Healthy Eating
http://www.shopnaturescraft.com,Nature's Craft
http://www.juiceshop.com,Juice Shop
http://www.scisale.com,Scientific Sales Inc.
http://www.aquasystems.com,Aqua Systems
http://www.skh.com,Stauffers of Kissel Hill
http://www.avaaz.org,Avaaz
http://www.cravingsbychrissyteigen.com,Cravings by Chrissy Teigen
http://www.wickedkitchen.com,Wicked Kitchen
http://www.catch.co,Catch
http://www.fairplayfoods.com,Fairplay Foods
http://www.divyas.com,Divya's
http://www.calerie.com,CalerieLife
http://www.drinkneuro.com,Neurobrands LLC. (drink neuro)
http://www.yourbrickandmortar.com,Brick & Mortar
http://www.findyourhealthyplace.com,The Healthy Place - Apple Wellness
http://www.optimalhealthsystems.com,Optimal Health Systems
http://www.swensensmarkets.com,Swensen's Markets
http://www.lucypetproducts.com,Lucy Pet Products
http://www.ecoenclose.com,EcoEnclose
http://www.drinklavit.com,WaterBar by Lavit
http://www.gotastea.com,Tastea
http://www.nata.org,National Athletic Trainers'Ã¢â‚¬â€¹ Association
http://www.osmosisbeauty.com,Osmosis
http://www.phydeauxbyfeederspetsupply.com,Phydeaux
http://www.shopgoodie.com,Goodie Two Sleeves
http://www.veggiesmadeeasy.com,"Mann's Fresh Vegetables (Mann Packing Co., Inc.)"
http://www.chemi-pure.com,Boyd Enterprises
http://www.pws-chicagoland.com,Pure Water Systems
http://www.groundworkcoffee.com,Groundwork Coffee LLC
http://www.scottandjons.com,Scott & Jon's
http://www.medicalsource.com,Medical Source
http://www.owenssupplycompany.com,Owens Supply Company
http://www.golde.co,Golde
http://www.freshfarms.com,Fresh Farms International Market
http://www.purebulk.com,"PureBulk, Inc."
http://www.grocerylandfoods.com,Groceryland
http://www.aminoapps.com,Amino Apps
http://www.altafoodcraft.com,AltaFoodcraft Coffee & Refreshment Services
http://www.ctg.us,Cor Tech Group US LLC
http://www.expertchoice.tech,Expert Choice US LLC
http://www.tapstertastingroom.com,Tapster
http://www.purevidawater.com,PureVida
http://www.feederspetsupply.com,Feeders Pet Supply
http://www.jymsupplementscience.com,JYM Supplement Science
http://www.lemmelive.com,Lemme
http://www.lovebiome.com,LoveBiome
http://www.nuspecies.com,NuSpecies Health Centers
http://www.klp.com,KL&P Marketing
http://www.kreationjuice.com,Kreation Organic Juice
http://www.sportsbasement.com,Sports Basement
http://www.princewilliamwater.org,Prince William Water
http://www.essanteorganics.com,EssantÃƒÂ© Organics
http://www.naturalwellness.com,Natural WellnessÃ‚Â®
http://www.curioninsights.com,CURION
http://www.osi4biz.com,"Office Solutions and Innovations, Inc."
http://www.drinkflowater.com,FloWater
http://www.naturesbounty.com,NATURES BOUNTY
http://www.maeda-en.com,"G.T. Japan, Inc. Maeda-En"
http://www.everybodywater.com,Everybody Water
http://www.cambrooke.com,"Ajinomoto Cambrooke, Inc."
http://www.burbankwaterandpower.com,Burbank Water & Power
http://www.clearwaterfiltration.com,Clear Water Filtration Inc
http://www.soothsayeranalytics.com,Soothsayer Analytics
http://www.get-merit.com,Merit
http://www.drinksound.com,Sound
http://www.shopbeam.com,Beam
http://www.yerbae.com,YerbaÃƒÂ©
http://www.shortform.com,Shortform
http://www.sourcingunited.com,Sourcing United Corporation
http://www.fellowproducts.com,Fellow
http://www.joinform.com,FORM
http://www.fermentedatl.com,Fermented
http://www.drinkzyn.com,Drink ZYN
http://www.seventeas.com,Seven Teas
http://www.performancewatersystems.com,Performance Water Systems LLC
http://www.shoplocale.com,Locale
http://www.drinknooma.com,NOOMA
http://www.claritywatertech.com,"Clarity Water Technologies, LLC"
http://www.lumigummies.com,Lumi Labs
http://www.smartsoda.com,"Smart Soda Holdings, Inc."
http://www.nokaorganics.com,Noka Organics
http://www.sprinly.com,Sprinly
http://www.5starnutrition.com,5 Star Nutrition
http://www.newchapter.com,"New Chapter, Inc."
http://www.pureboost.com,Pureboost Energy Drink Mix
http://www.goodfarms.com,GoodFarms
http://www.247dm.com,DM Merchandising
http://www.thing.com,Simple Things
http://www.betterbee.com,Betterbee
http://www.puretech-alliance.com,PureTech Alliance
http://www.vegetableandbutcher.com,Vegetable + Butcher
http://www.martie.com,Martie
http://www.heatherschoice.com,Heather's Choice
http://www.kolkatachai.co,Kolkata Chai Co.
http://www.rppsplash.com,Revolution Print & Packaging
http://www.tapwatercompany.com,Tap Water Company
http://www.friedrichscoffee.com,Friedrichs Coffee
http://www.skinbetter.com,skinbetter science
http://www.primallifeorganics.com,"Primal Life Organics, LLC"
http://www.hungry-girl.com,"Hungry Girl, Inc."
http://www.mothermothershop.com,Mother Mother
http://www.concussionalliance.org,Concussion Alliance
http://www.printedmint.com,Printed Mint
http://www.teaniru.com,TeÃƒ niru
http://www.rootd.com,Root'd
http://www.drinksimple.com,Drink Simple
http://www.naturalstacks.com,Natural Stacks
http://www.twoleavestea.com,Two Leaves and a Bud
http://www.tinychefs.com,Tiny Chefs
http://www.famehealthlabs.com,F.A.M.E. Health Labs
http://www.wellnesswarrior.org,WELLNESS WARRIOR
http://www.accentdecor.com,"ACCENT DECOR, Inc."
http://www.tailwindnutrition.com,Tailwind Nutrition
http://www.freewater.io,FreeWater
http://www.pureearth.org,Pure Earth
http://www.teapiocalounge.com,TEAPIOCA LOUNGE
http://www.tinyspoonchef.com,Tiny Spoon Chef
http://www.passportcoffee.com,Passport Coffee and Tea
http://www.logotech.com,Logotech.com
http://www.highwirecoffee.com,Highwire Coffee Roasters
http://www.supportandfeed.org,Support + Feed
http://www.butterfieldmarket.com,Butterfield
http://www.foodisgood.com,Fig - Food Is Good
http://www.bubsnaturals.com,BUBS Naturals
http://www.wetnose.com,Wet Nose Inc.
http://www.thezestfull.com,Zestfull
http://www.boostedcommerce.com,Boosted Commerce
http://www.dbstoreonline.net,DB Electronics LLC
http://www.recoveringbro.com,Recovering Bro
http://www.hydr8.nyc,HYDR8
http://www.soillholds.com,So iLL
http://www.localrootskombucha.com,Local Roots
http://www.hummkombucha.com,Humm Kombucha
http://www.kcculinary.com,The Culinary Center of Kansas City
http://www.absolutenutritiononline.com,Absolute Nutrition
http://www.imperialyeast.com,Imperial Yeast
http://www.cooksbellecour.com,Cooks | Bellecour
http://www.frazierfarmsmarket.com,Frazier Farms Market
http://www.corlabel.com,CORLABEL
http://www.drinkbuchi.com,BUCHI
http://www.drinkmarquis.com,Marquis
http://www.hlbgravier.com,"HLB Gravier, LLP"
http://www.wedc.org,Wisconsin Economic Development Corporation
http://www.catalystpromotions.net,Catalyst Promotions
http://www.beautysolutions.com,"Beauty Solutions, LLC"
http://www.shopinthekitchen.com,in the kitchen Ã°Å¸â€Âª
http://www.modernsprout.com,Modern Sprout
http://www.capitalteas.com,Capital Teas
http://www.solesportsrunning.com,Sole Sports Running Zone
http://www.wisdominwellness.com,Wisdom In Wellness
http://www.healthycreations.com,Healthy Creations
http://www.drinkmorewater.com,DrinkMore Water
http://www.customculinary.global,Custom Culinary
http://www.deependfitness.com,Deep End Fitness
http://www.totalnutritionhouston.com,Total Nutrition Houston
http://www.angelwater.com,"Angel Water, Inc."
http://www.performancerunning.com,Performance Running Outfitters
http://www.juicebox.com.au,Juicebox
http://www.georgetownmarket.com,Georgetown Market
http://www.edensgarden.com,Edens Garden
http://www.swagbar.com,Swag Bar
http://www.choicekratom.com,Choice Botanicals INC.
http://www.magnationwater.com,Magnation Water Technologies
http://www.codeage.com,Codeage
http://www.downtownspirits.com,Downtown Spirits
http://www.myvillagegreen.com,Village Green Apothecary
http://www.eboost.com,EBOOST
http://www.pennherb.com,"Penn Herb Company, LTD."
http://www.nutritionw.com,Nutrition World
http://www.ustrading.com,U.S. Trading Company
http://www.savewayfood.com,Saveway Food Company
http://www.solaray.com,Solaray
http://www.superkingmarkets.com,Super King Markets
http://www.teahousett.com,The Teahouse Tapioca and Tea
http://www.bromleytea.com,Eastern Tea Corp
http://www.kuchatea.com,Ku Cha House of Tea
http://www.chaletnursery.com,Chalet
http://www.curiospice.com,Curio Spice Company
http://www.empireteaandcoffee.com,Empire Tea & Coffee
http://www.nourished.com,Nourished
http://www.seattlecoffeegear.com,Seattle Coffee Gear
http://www.gordonbroswater.com,Gordon Brothers Water
http://www.artandcook.com,Art and Cook
http://www.culligantulsa.com,Culligan Of Tulsa
http://www.checkbusinesstools.com,Value Added Services
http://www.bhutanfound.org,The Bhutan Foundation
http://www.suppz.com,Suppz.com
http://www.arkfinejewelry.com,ARK
http://www.thronedepot.com,The Throne Depot
http://www.teabytwo.com,Tea By Two
http://www.nbpure.com,nbpure
http://www.reservebar.com,ReserveBar
http://www.weareohho.com,oHHo Ã¢â‚¬ËœPlants with BenefitsÃ¢â‚¬â„¢
http://www.patagoniaprovisions.com,Patagonia Provisions
http://www.justaddhoney.net,just add honey
http://www.onlynaturalpet.com,Only Natural Pet
http://www.banyanbotanicals.com,Banyan Botanicals
http://www.generation180.org,Generation180
http://www.leafandpetalva.com,Leaf & Petal
http://www.glaxon.com,Glaxon
http://www.seriouseats.com,Serious Eats
http://www.luxio.com,Luxio
http://www.natureofbeauty.com,Nature of Beauty
http://www.writeimpressions-mi.com,Write Impressions
http://www.redleafcoffee.com,Red Leaf Organic Coffee
http://www.nutridyn.com,NutriDyn
http://www.commers.com,Commers The Water Company
http://www.preiser.com,Preiser Scientific
http://www.nanny.org,International Nanny Association
http://www.teahaus.com,TeaHaus
http://www.tribecabeverage.com,Tribeca Beverage Company
http://www.teamobobabar.com,TE'AMO BOBA & DESSERT
http://www.midwestsupplies.com,Midwest Supplies
http://www.pumpstation.com,The Pump Station & NurturyÃ‚Â®
http://www.gswater.com,Golden State Water Company
http://www.marinwater.org,Marin Water
http://www.singlecare.com,SingleCare
http://www.fullcircle.com,Full Circle
http://www.muscleandstrength.com,Muscle & Strength
http://www.gocontigo.com,Contigo
http://www.naturalbeautygroup.com,Natural Beauty Group
http://www.javamomma.com,Java Momma
http://www.chefstore.com,US Foods CHEF'STORE
http://www.sustainabilityprofessionals.org,International Society of Sustainability Professionals
http://www.candlescience.com,CandleScience
http://www.h2odoctors.com,Water Doctors
http://www.namawell.com,Nama
http://www.hsi.org,Humane Society International
http://www.packaging-usa.com,Creative Packaging Solutions
http://www.fatandthemoon.com,Fat and the Moon
http://www.stratumnutrition.com,Stratum Nutrition
http://www.themountainhideaway.com,Mountain Hideaway
http://www.h2ofilter.com,H2O International Inc.
http://www.solgar.com,SolgarÃ‚Â® Vitamin & Herb
http://www.usa-ppi.com,"P&P International, Inc."
http://www.premierpromotions.info,Designwear Premier Promotions
http://www.explorecedarchest.com,Cedar Chest
http://www.torreswater.com,Torres Water Company
http://www.shopwrapsody.com,Wrapsody
http://www.northlandfood.com,Northland Foods
http://www.chargerwater.com,Charger Water Treatment Products
http://www.marine-conservation.org,Marine Conservation Institute
http://www.thespruce.com,The Spruce
http://www.situationinc.com,Studio at Situation Group
http://www.mwbeds.com,Midwest Clearance Center
http://www.hopegardensgr.com,Hope Gardens
http://www.wholelattelove.com,Whole Latte Love
http://www.fwsoil.org,Food Works
http://www.partnerscoffee.com,Partners Coffee
http://www.aspirenutrition.com,Aspire Nutrition
http://www.nuviawater.com,"Nuvia Water Technologies, Inc."
http://www.feastforall.org,FEAST
http://www.bioreigns.com,BioReigns
http://www.freemennutra.com,Freemen Nutra Group
http://www.amoveablefeast.com,A Moveable Feast
http://www.gothinkbaby.com,Wearhaus
http://www.officialh2o.com,Official H2O
http://www.ultimatenutrition.com,Ultimate Nutrition
http://www.sweetwaterscafe.com,Sweetwaters Coffee & Tea
http://www.ilfb.org,Illinois Farm Bureau
http://www.spicemerchants.biz,Spice Merchants
http://www.positivebeverage.com,Positive Beverage
http://www.paruteabar.com,PARU
http://www.crystalspringswater.net,Crystal Springs Water
http://www.infinitnutrition.us,Infinit Nutrition
http://www.theweeklyjuicery.com,The Weekly Juicery
http://www.culliganmo.com,Culligan of West Central Missouri
http://www.willinghands.org,Willing Hands
http://www.finicalholdings.com,Finical
http://www.gowhiteoak.com,WhiteOak
http://www.terrahealthandwellness.com,Terra Health & Wellness Market
http://www.pcrm.org,Physicians Committee for Responsible Medicine
http://www.woodheat.com,Wood Heat
http://www.advancedingredients.com,Anderson Advanced Ingredients
http://www.rubbermaid.com,Rubbermaid Home Products
http://www.cleveland19.com,WOIO
http://www.castleandkey.com,Castle & Key Distillery
http://www.freshpicks.com,Fresh Picks
http://www.tinybubblesteabar.com,Tiny Bubbles
http://www.biopureus.com,Biopure
http://www.lifeionizers.com,Life Ionizers - The Highest Rated and Reviewed Water Ionizers
http://www.efxsports.com,EFX Sports
http://www.uniquebev.com,"Unique, Inc."
http://www.aetsolar.com,Alternate Energy Technologies
http://www.seekinghealth.com,"Seeking Health, LLC"
http://www.musicmountain.com,Music Mountain Water
http://www.ecovessel.com,EcoVessel
http://www.teaguys.com,Tea Guys
http://www.downetc.com,Down Etc
http://www.incredpets.com,Incredible Pets
http://www.mynutritiondepot.com,Nutrition Depot
http://www.evamor.com,Evamor Products LLC
http://www.h2oinc.com,H2O Incorporated
http://www.eclipsefoods.com,Eclipse Foods
http://www.thelabelprinters.com,The Label Printers
http://www.mypatriotsupply.com,My Patriot Supply
http://www.wowwowhawaiianlemonade.com,Wow Wow Hawaiian Lemonade
http://www.bmshouston.com,Body Mind & Soul
http://www.cgcwater.com,CGC Water Treatment
http://www.natureswarehouse.net,Natures Warehouse
http://www.schoolhealth.com,School Health Corporation
http://www.gmsupplies.org,General Merchandise Supplies
http://www.biocom.org,Biocom California
http://www.greenacres.com,GreenAcres Market
http://www.newandimproved.com,"New & Improved, LLC"
http://www.foodmatch.com,FOODMatch
http://www.alexasprings.com,Alexa Springs
http://www.theneighborhoodharvest.com,The Neighborhood Harvest
http://www.ifama.org,IFAMA
http://www.bluebonnetfeeds.com,Bluebonnet
http://www.farmhousefreshgoods.com,FarmHouse Fresh skincare
http://www.freshapproach.org,Fresh Approach
http://www.wellnessresources.com,Wellness Resources
http://www.leanin.org,Lean In
http://www.amerihealth.com,AmeriHealth
http://www.thegeniusbrand.com,The Genius Brand
http://www.tropicalproducts.com,Tropical Products Inc.
http://www.prowm.com,PRO Engineering / Manufacturing Inc.
http://www.apexep.com,APEX Engineered Products
http://www.oberweis.com,Oberweis Dairy
http://www.brownelabs.com,"Browne Laboratories, Inc."
http://www.favatea.com,"Fava Tea Company, LLC."
http://www.personalwine.com,Personal Wine Shopper
http://www.eatfitgo.com,Eat Fit Go Healthy Foods
http://www.oregonfoodbank.org,Oregon Food Bank
http://www.dependablevend.com,Dependable Break Room Solutions
http://www.marathonfoto.com,MarathonFoto
http://www.shopchrome.com,Shop Chrome
http://www.wholefoodsmagazine.com,WholeFoods Magazine
http://www.criticalprocess.com,Critical Process Filtration
http://www.savorygourmet.com,Savory Gourmet
http://www.agmarklogistics.com,Agmark Logistics
http://www.ussupply.com,US Supply Company Inc
http://www.tenzotea.co,Tenzo
http://www.specialtyfood.com,Specialty Food Association
http://www.tealightfultea.com,Tealightful Treasures
http://www.psiwater.com,Process Solutions Inc.
http://www.bluelabelpackaging.com,Blue Label Packaging Company
http://www.twopeasandtheirpod.com,Two Peas In A Pod
http://www.getchemready.com,ChemREADY
http://www.rainbowacresca.com,Rainbow Acres
http://www.aperfectpromotion.com,"A Perfect Promotion, Inc"
http://www.photovoiceworldwide.com,Photovoice Worldwide
http://www.energy4lifecenters.com,Energy4Life Centers
http://www.shopmycupoftea.com,My Cup of Tea
http://www.labels-sp.com,Labels & Specialty Products
http://www.cpsinsurance.com,CPS Insurance Services
http://www.cleanwaterco.com,Clean Water Co
http://www.baby360.com,Baby360
http://www.trovewarehouse.com,Trove Warehouse
http://www.freshnfitcuisine.com,Fresh N Fit Cuisine
http://www.filterofhope.org,Filter of Hope
http://www.foxy.com,"The Nunes Company, Inc."
http://www.willowspa.com,Willow Spa
http://www.silverservice.com,Silver Services
http://www.pcfreshco.com,Pacific Coast Fresh Company
http://www.pruettsfood.com,"Pruett's Food, Inc"
http://www.ins-us.com,INS Innovative Natural Solutions LLC
http://www.carlsonlabs.com,Carlson Labs
http://www.farmfreshtoyou.com,Farm Fresh To You
http://www.walkersoffice.com,Walker's
http://www.shoppersfood.com,Shoppers Supermarket
http://www.slowater.com,Hague Quality Water
http://www.nationalbeverage.com,National Beverage Corp.
http://www.cleancause.com,CLEAN Cause
http://www.ewgrobbel.com,EW Grobbel
http://www.getanextday.com,NextDay
http://www.cancentral.com,Can Manufacturers Institute
http://www.amconservation.com,AM Conservation
http://www.oolalife.com,Oola
http://www.freshroastedcoffee.com,Fresh Roasted Coffee LLC.
http://www.vanelis.com,Vaneli's Handcrafted Coffee
http://www.sustainablefoodlab.org,Sustainable Food Lab
http://www.healthydirections.com,Healthy Directions
http://www.longbottomcoffee.com,"Longbottom Coffee & Tea, Inc."
http://www.kandbgalleries.com,Kitchen & Bath Galleries
http://www.nongmoproject.org,Non-GMO Project
http://www.aquahydrate.com,"AQUAhydrate, Inc"
http://www.naturium.com,NATURIUM
http://www.girlgains.co,Girl Gains
http://www.summithut.com,Summit Hut
http://www.theaimcompanies.com,The AIM Companies
http://www.wineshopathome.com,WineShop At Home
http://www.super-saver.com,Super Saver Grocery
http://www.uswatercompany.com,The U.S. Water Culligan Group
http://www.ecscottgroup.com,EC Scott Group
http://www.magneticsprings.com,Magnetic Springs Water Company
http://www.wyndmerenaturals.com,Wyndmere Naturals Inc.
http://www.alaskaglacier.com,Alaska Glacier
http://www.globalcraftsb2b.com,Global Crafts
http://www.ingredient.mn,Ingredient
http://www.foodprotection.org,International Association for Food Protection
http://www.lifewise.biz,Life Wise Inc
http://www.freshpure.com,FreshPure Waters
http://www.sunbasket.com,Sunbasket
http://www.nazshalal.com,Naz's Halal Food
http://www.crownawards.com,Crown Awards
http://www.annualreviews.org,Annual Reviews
http://www.soshydration.com,SOS Hydration Inc
http://www.organize.com,Organize.com
http://www.healer.com,Healer
http://www.greatgardenplants.com,"Great Garden Plants, Inc."
http://www.coffeeam.com,CoffeeAM.com
http://www.tealiciouscafe.com,Tealicious
http://www.burkebev.com,"Burke Beverage, Inc."
http://www.advantageengineering.com,"Advantage Engineering, Inc."
http://www.southcentralco.com,"South Central GWB Company, Inc"
http://www.norlandintl.com,Norland International
http://www.nutreo.co,Nutreo
http://www.purestrategies.com,"Pure Strategies, Inc."
http://www.getfreshsales.com,Get Fresh Companies
http://www.krystalklearwater.com,Krystal Klear
http://www.asphn.org,Association of State Public Health Nutritionists
http://www.waterboyinc.com,Water Boy Spring Water Inc
http://www.wecohospitality.com,WECO
http://www.lakotacoffee.com,Lakota Coffee Co Inc
http://www.waltersbay.com,Walters Bay Tea
http://www.briowater.com,Brio Water Technology
http://www.addjoi.com,JOI
http://www.wildernesstravel.com,Wilderness Travel
http://www.aquahealth.com,AquaHealth Inc.
http://www.filtrine.com,Filtrine Manufacturing Company
http://www.motherearthnews.com,Mother Earth News magazine
http://www.kitchenkapers.com,Kitchen Kapers
http://www.muscleandfitness.com,Muscle & Fitness
http://www.nhc.com,Natural Healthy Concepts
http://www.hansenagriplacement.com,Hansen Agri-PLACEMENT
http://www.homehealthservice.com,Coastal Home Health
http://www.hoards.com,Hoard's Dairyman
http://www.julianbakery.com,Julian Bakery
http://www.rainsoftdealer.com,"RainSoft Ã¢â‚¬â€œ A division of Aquion, Inc."
http://www.customlaserinc.com,Custom Laser Inc.
http://www.personalcheftogo.com,"Personal Chef To Go, inc."
http://www.hublabels.com,"Hub Labels, Inc."
http://www.bioticsresearch.com,Biotics Research Corporation
http://www.elevatenutrition.com,Elevate Nutrition
http://www.unitedmarkets.com,United Markets
http://www.peoplesrx.com,Peoples Rx
http://www.chaibio.com,Chai
http://www.liveayurprana.com,AyurPrana
http://www.outstandingfoods.com,"Outstanding Foods, Inc"
http://www.cellarratwine.com,Cellar Rat Wine Merchants
http://www.dairyfoods.com,Dairy Foods
http://www.curesma.org,Cure SMA
http://www.straightawaycocktails.com,STRAiGHTAWAY Cocktails
http://www.farmtofeastcatering.com,Farm to Feast
http://www.packageall.com,"Package All, a TricorBraun Company"
http://www.roolee.com,ROOLEE
http://www.guardiancsc.com,Guardian CSC
http://www.healthdirectusa.com,Health Direct
http://www.myfoodrite.com,Food Rite Inc
http://www.sharkys.com,Sharkys Woodfired Mexican Grill
http://www.getvitalityhealth.com,Vitality Health
http://www.nutritionexpress.com,Nutrition Express Corporation
http://www.advancedwaterinc.com,"ADVANCED WATER SOLUTIONS, INC."
http://www.baristaproshop.com,Barista Pro Shop
http://www.lgstoreswv.com,Little General Stores
http://www.batteryrecyclersofamerica.com,Battery Recyclers of America
http://www.providorefinefoods.com,Providore Fine Foods
http://www.betterbuying.org,Better Buying
http://www.benmarksupply.com,BenMark Supply
http://www.aromatics.com,Aromatics International
http://www.phlabsca.com,PH Labs
http://www.pensetc.com,"SERVICE WHOLESALE, INC."
http://www.stemlingo.com,LINGO
http://www.graphicimage.com,"Graphic Image, Inc"
http://www.pedersonsfarms.com,Pederson's Natural Farms
http://www.alabamaoutdoors.com,Alabama Outdoors
http://www.hcplive.com,HCPLive
http://www.matefactor.com,The MatÃƒÂ© Factor
http://www.thecravory.com,The Cravory
http://www.unclematts.com,Uncle Matt's Organic
http://www.ch2o.com,"CH2O, inc."
http://www.tier1water.com,US Water Filters
http://www.purerawjuice.com,Pure Raw Juice
http://www.americanaqua.com,American Aqua
http://www.kindercare.com,Knowledge Learning Corporation - Childcare Marketplace
http://www.runningusa.org,Running USA
http://www.dumorwater.com,"DuMor Water Specialists, Inc"
http://www.coldpressedjuiced.com,Juiced! Cold-Pressed Juicery
http://www.allrecipes.com,Allrecipes.com
http://www.billyheromans.com,"Billy Heroman's - Flowers, Plant Services and Gifts"
http://www.projectworldimpact.com,Project World Impact
http://www.churchmouseyarns.com,CHURCHMOUSE YARNS & TEAS
http://www.oldwayspt.org,Oldways Preservation Trust
http://www.pilgrimsmarket.com,PILGRIM'S MARKET
http://www.irwinnaturals.com,Irwin Naturals
http://www.pannikincoffeeandtea.com,Pannikin Coffee & Tea
http://www.compareclt.com,Compare Foods Charlotte
http://www.gkfoods.co,GK Foods
http://www.consolidatedh2o.com,Consolidated Companies
http://www.wholisticbotanicals.com,"WHOLISTIC BOTANICALS, LLC"
http://www.geowaterusa.com,GeoWater Services
http://www.asse-plumbing.org,ASSE International
http://www.zipfizz.com,Zipfizz Corporation
http://www.nwifoodcouncil.org,NWI Food Council
http://www.purologix.com,"PUROLOGIX WATER SERVICES, INC."
http://www.cnctea.com,Charles & Company
http://www.treskin.com,TrÃƒÂ©Skin
http://www.fliersqualitywater.com,Flier's Quality Water
http://www.empyra.com,Empyra
http://www.absopure.com,Absopure Water Company
http://www.nutrifitonline.com,"NutriFit, LLC"
http://www.cfesa.com,CFESA
http://www.flavorproducers.com,Flavor Producers
http://www.marthastewart.com,Martha Stewart Living Omnimedia
http://www.waterquestcorp.com,WaterQuest
http://www.robinsonfresh.com,Robinson Fresh
http://www.alkavidainc.com,"AlkaVida, Inc."
http://www.freshbybrookshires.com,Fresh by Brookshires
http://www.oxo.com,OXO
http://www.easternanalytical.com,"Eastern Analytical, Inc."
http://www.proproducts.com,Pro Products
http://www.beenaturalhoney.com,BEE NATURAL HONEY LLC
http://www.thebetterhealthstore.com,The Better Health Markets and Cafes
http://www.fitafnutrition.com,Fit AF Nutrition
http://www.cardiac-alliance.org,Global Cardiac Alliance
http://www.pipelinepackaging.com,Pipeline Packaging
http://www.rallyhealth.com,Rally Health
http://www.canbottlereturn.com,Can Bottle Return
http://www.coffeejunkiez.com,Coffee Junkiez
http://www.watertransport.org,Water Transport
http://www.hydroviv.com,Hydroviv
http://www.cleanwaterhq.com,Griswold Water Systems
http://www.sunsetandco.com,Sunset and Co.
http://www.mypetmarket.com,My Pet Market
http://www.nutsnberries.com,Nuts 'n Berries Neighborhood Market
http://www.intheswim.com,In The Swim Discount Pool Supplies & Equipment
http://www.tonymoly.us,TONYMOLY USA
http://www.skinrejuvenation.com,"Skin Rejuvenation Clinique, Inc."
http://www.weightandwellness.com,Nutritional Weight & Wellness
http://www.qualitylogoproducts.com,Quality Logo Products
http://www.smileherb.com,Smile Herb Shop
http://www.womenshealthnetwork.com,Women to Women
http://www.weldonowen.com,Weldon Owen International
http://www.stryki.com,Stryki.com
http://www.sennacosmetics.com,Senna Cosmetics
http://www.thechefandinashville.com,The Chef and I
http://www.americandiscountfoods.com,American Discount Foods
http://www.anticafarmacista.com,Antica Farmacista
http://www.superstopnj.com,Super Stop Supermarket
http://www.hydroflask.com,Hydro Flask
http://www.sac.coop,Sacramento Natural Foods Co-op
http://www.capitalhottubs.com,Capital Hot Tubs & Saunas
http://www.pieranch.org,Pie Ranch
http://www.homeyer.com,"Homeyer Consulting Services, Inc."
http://www.drinkdowntoearth.com,Down To Earth
http://www.clearlyfiltered.com,Clearly Filtered
http://www.fishersfoods.com,"Fisher Foods Marketing, Inc."
http://www.officeh2o.com,Office H2O
http://www.akins.com,Akins Natural Foods
http://www.ccbw.com,Crystal Clear Water Company
http://www.pony.com,PONY
http://www.superpowershq.com,Superpowers
http://www.lifesourcewater.com,LifeSource Water Systems
http://www.caffedvita.com,Caffe D'Vita/Brad Barry Company
http://www.vitajoygroupusa.com,Vitajoy Group USA Inc.
http://www.unikeyhealth.com,"UNI KEY Health Systems, Inc."
http://www.watercheck.com,"National Testing Laboratories, LLC"
http://www.waterworldusa.com,Waterworld USA
http://www.thesourceh2o.com,The Source H2O
http://www.taooftea.com,The Tao of Tea LLC
http://www.slowfoodusa.org,Slow Food USA
http://www.proteinresearch.com,Protein Research
http://www.haguewater.com,Hague Quality Water International
http://www.tadin.com,Tadin Herb & Tea Company
http://www.unlimitedcellular.com,Mobile Accessory
http://www.landismarket.com,Landis Supermarket
http://www.just-zero.org,Just Zero
http://www.choosehealth.io,Choose Health
http://www.pastureandplenty.com,Pasture and Plenty
http://www.kesargrocery.com,Kesar
http://www.culliganfortmyers.com,Mast Family Culligan
http://www.theshootingwarehouse.com,Sports South LLC
http://www.theshelbyreport.com,The Shelby Report
http://www.munchery.com,Munchery
http://www.8thwondertea.com,8th Wonder
http://www.veggiegrill.com,Veggie Grill by Next Level
http://www.plex247.com,"Plastic Express, Inc."
http://www.kineticoadvancedwatersystems.com,Kinetico Advanced Water Systems
http://www.pochibubbletea.com,Pochi Bubble Tea Cafe
http://www.kukuruza.com,KuKuRuZa Gourmet Popcorn
http://www.rysesupps.com,RYSE Supplements
http://www.whitelabs.com,White Labs Inc
http://www.womenenabled.org,Women Enabled International
http://www.crystalstar.com,Healthy Healing Enterprises
http://www.planttherapy.com,Plant Therapy
http://www.herbalalchemy.com,Herbarie Farm & Herbal AlchemyÃ¢â€žÂ¢
http://www.varos.com,Varos
http://www.medfitnetwork.org,MedFit Network
http://www.shopatgrants.com,Grants Supermarket Inc
http://www.nutrabio.com,"NutraBio Labs, Inc."
http://www.cerealsgrains.org,Cereals & Grains Association
http://www.batterycouncil.org,Battery Council International
http://www.winc.com,Winc - Wine brands for the next generation
http://www.commpart.com,Communication Partners
http://www.cottonusa.org,COTTON USAÃ¢â€žÂ¢
http://www.enriched.ag,Enriched Ag
http://www.solidlandingsbehavioralhealth.com,Solid Landings Behavioral Health
http://www.tessemaes.com,Tessemae's
http://www.bc30probiotic.com,BC30 Probiotic
http://www.remedyorganics.com,Remedy Organics
http://www.hellenbrand.com,Hellenbrand
http://www.phillyfoodworks.com,Philly Foodworks
http://www.makersnutrition.com,"Makers Nutrition, LLC"
http://www.ohbabyfitness.com,Oh Baby! Fitness
http://www.etrlabs.com,"Environmental Testing and Research Laboratories, Inc."
http://www.freedrinkingwater.com,APEC Water Systems
http://www.denverfoods.net,Denver Wholesale Foods
http://www.navitasorganics.com,Navitas Organics
http://www.kibowbiotech.com,Kibow Biotech
http://www.remcoproducts.com,Remco: A Vikan Company
http://www.middlebury.coop,Middlebury Natural Foods Co-Op
http://www.farmland.org,American Farmland Trust
http://www.hafermanwater.com,Haferman Water Conditioning
http://www.foodbytesworld.com,Foodbytes by Rabobank
http://www.communityfood.coop,Community Food Co-op
http://www.dataintelo.com,DATAINTELO
http://www.icnutrition.com,"Integrative Center For Nutrition, LLC"
http://www.primeappliance.com,Prime Appliance Factory Outlet
http://www.goodlifecafe.net,Good Life Cafe
http://www.edibleaustin.com,Edible Austin
http://www.equi.life,EquiLife
http://www.lamaze.org,Lamaze International
http://www.fascinations.net,"Marsoner, Inc. d.b.a. Fascinations"
http://www.tomorrowfarms.co,Tomorrow Farms
http://www.embody-inc.com,"Embody, Inc."
http://www.serviceideas.com,"Service Ideas, Inc."
http://www.local-matters.org,Local Matters
http://www.vettersculliganwater.com,"Vetters, Inc"
http://www.sciencejournalforkids.org,Science Journal for Kids
http://www.perfect-hydration.com,Perfect Hydration Alkaline Water
http://www.insightonbusiness.com,Insight Publications
http://www.reddiamond.com,Red Diamond Coffee & Tea
http://www.elolife.com,Elo Life Systems
http://www.gatherwinebar.com,Gather
http://www.javofoodservice.com,"Javo Beverage, An FFP Company"
http://www.bodydesignpt.com,Body Design Personal Training
http://www.newleaf.com,New Leaf Community Markets
http://www.nobilitea.us,NobiliTea
http://www.laffortusa.com,LAFFORT USA
http://www.virginiadare.com,Virginia Dare Extract Co.
http://www.farmacopia.net,Farmacopia
http://www.yummly.com,Yummly
http://www.glaserorganicfarms.com,Glaser Organic Farms
http://www.vfinity.com,VFinity
http://www.rawl.net,"Walter P. Rawl and Sons, Inc."
http://www.nutrition.gov,US Nutrition
http://www.beachcamera.com,Beach Camera
http://www.nelsencorp.com,Nelsen Corporation
http://www.artesianwater.com,Artesian Water Company
http://www.thespruceeats.com,Home Cooking
http://www.bluebonnetnutrition.com,Bluebonnet Nutrition
http://www.kjsmarket.com,W. Lee Flowers & Co
http://www.beannbeancoffee.com,Bean & Bean Coffee
http://www.qualitybiological.com,"Quality Biological, Inc."
http://www.flyingembers.com,Flying Embers
http://www.louisianawater.com,Louisiana Water Company
http://www.solarunitedneighbors.org,Solar United Neighbors
http://www.kinsa.com,Kinsa Group
http://www.thermos.com,Thermos L.L.C.
http://www.rrfb.org,Roadrunner Food Bank of New Mexico
http://www.puronics.com,Puronics
http://www.sofrescousa.com,Sofresco
http://www.performancekitchen.com,Performance Kitchen | Food Is MedicineÃ‚Â®
http://www.vftl.com,"Valley Forge Tape & Label Co., Inc."
http://www.christiecookies.com,Christie Cookie Co.
http://www.nhtglobal.com,NHT Global Corporate
http://www.ctwater.com,Connecticut Water
http://www.appleandeve.com,Apple & Eve LLC
http://www.qtradeteas.com,QTrade Teas & Botanicals
http://www.mountainvalleyspring.com,Mountain Valley Spring Water
http://www.whitegraphics.com,White Graphics
http://www.afternoontea.com,Fancy That
http://www.allsimplynatural.com,Simply Natural
http://www.americanbeverage.org,American Beverage
http://www.americanleakdetection.com,American Leak Detection
http://www.batoryfoods.com,Batory Foods Inc
http://www.bravenlyglobal.com,"Bravenly Global, LLC"
http://www.cafeappliances.com,Cafe
http://www.completenutrition.com,"Complete Nutrition Brands, LLC"
http://www.consumerbrandsassociation.org,Consumer Brands Association
http://www.dreamdinners.com,Dream Dinners
http://www.drinkcirkul.com,Cirkul
http://www.extremepizza.com,Extreme Pizza
http://www.greatplacetowork.com,Great Place To Work US
http://www.harmony.one,Harmony
http://www.healthylivingmarket.com,Healthy Living
http://www.hteao.com,HTeaO
http://www.ilmenvironments.com,ILM
http://www.juicebeauty.com,"Juice Beauty, Inc."
http://www.kinetico.com,Kinetico Incorporated
http://www.lather.com,LATHER
http://www.level.com,Level
http://www.lippincott.com,Lippincott
http://www.onlinestores.com,"Online Stores, Inc."
http://www.partner.co,Partner.Co
http://www.perfectday.com,Perfect Day
http://www.prohealth.com,ProHealth Longevity
http://www.rare.org,Rare
http://www.rembrandtfoods.com,Rembrandt Foods
http://www.simplify.jobs,Simplify
http://www.source.co,SOURCE Global
http://www.spiceandtea.com,The Spice & Tea ExchangeÃ‚Â®
http://www.tangoanalytics.com,Tango
http://www.tcby.com,TCBY
http://www.teacollection.com,Tea Collection
http://www.thehealingplace.org,The Healing Place
http://www.tradesofhope.com,Trades of Hope
http://www.usdairy.com,Dairy Management Inc.
http://www.usdec.org,U.S. Dairy Export Council
http://www.vytalogy.com,Vytalogy Wellness
http://www.whatchefswant.com,What Chefs Want!
http://www.wildflowerbread.com,Wildflower
http://www.yesyoucan.com,Yes You Can!
http://www.lesliespool.com,Leslie's
http://www.gfs.com,Gordon Food Service
http://www.solenis.com,Solenis
http://www.doterra.com,doTERRA International LLC
http://www.whataburger.com,Whataburger
http://www.express-scripts.com,Express Scripts by Evernorth
http://www.iff.com,IFF
http://www.airproducts.com,Air Products
http://www.thehersheycompany.com,The Hershey Company
http://www.ecolab.com,Ecolab
http://www.evoqua.com,Evoqua Water Technologies
http://www.wvi.org,World Vision
http://www.quenchwater.com,"Quench USA, Inc."
http://www.beyondmeat.com,Beyond Meat
http://www.churchdwight.com,"Church & Dwight Co., Inc."
http://www.usfoods.com,US Foods
http://www.inshape.com,In-Shape Family Fitness
http://www.cub.com,Cub
http://www.jbtc.com,JBT Corporation
http://www.jasonsdeli.com,Jason's Deli
http://www.instacart.com,Instacart
http://www.tricorbraun.com,TricorBraun
http://www.logisticsplus.com,Logistics Plus Inc.
http://www.aptar.com,Aptar
http://www.pendo.io,Pendo.io
http://www.anheuser-busch.com,Anheuser-Busch
http://www.owenscorning.com,Owens Corning
http://www.postconsumerbrands.com,Post Consumer Brands
http://www.berlinpackaging.com,Berlin Packaging
http://www.rossstores.com,"Ross Stores, Inc."
http://www.colgatepalmolive.com,Colgate-Palmolive
http://www.saladandgo.com,Salad and Go
http://www.thecloroxcompany.com,The Clorox Company
http://www.niagarawater.com,Niagara Bottling
http://www.teksystems.com,TEKsystems
http://www.aldi.us,ALDI USA
http://www.nuggetmarket.com,"Nugget Market, Inc."
http://www.benjerry.com,Ben & Jerry's
http://www.energizerholdings.com,Energizer Holdings
http://www.asana.com,Asana
http://www.nowfoods.com,Now Foods
http://www.princesshouse.com,Princess House
http://www.retrofitness.com,Retro Fitness
http://www.toms.com,TOMS
http://www.letsgetchecked.com,LetsGetChecked
http://www.primowatercorp.com,Primo Water Corporation
http://www.staterbros.com,Stater Bros. Markets
http://www.lifefitness.com,Life Fitness
http://www.hormelfoods.com,Hormel Foods
http://www.scoular.com,Scoular
http://www.peacehealth.org,PeaceHealth
http://www.racetrac.com,RaceTrac
http://www.engieimpact.com,ENGIE Impact
http://www.heb.com,H-E-B
http://www.99only.com,99 Cents Only Stores
http://www.peets.com,Peet's Coffee
http://www.senegence.com,SeneGence International
http://www.amys.com,Amy's Kitchen
http://www.hearthsidefoods.com,Hearthside Food Solutions
http://www.drinkbodyarmor.com,BODYARMOR Sports Nutrition
http://www.denodo.com,Denodo
http://www.metagenics.com,Metagenics
http://www.ymcaatlanta.org,YMCA of Metropolitan Atlanta
http://www.thrivemarket.com,Thrive Market
http://www.pens.com,Pens.com
http://www.taboola.com,Taboola
http://www.naturesweet.com,NatureSweet
http://www.medica.com,Medica
http://www.roomandboard.com,Room & Board
http://www.wawa.com,"Wawa, Inc."
http://www.babylist.com,Babylist
http://www.biggby.com,BIGGBY COFFEE
http://www.sunrider.com,Sunrider International
http://www.denverwater.org,Denver Water
http://www.nrdc.org,Natural Resources Defense Council (NRDC)
http://www.momsmeals.com,Mom's Meals | A Purfoods Company
http://www.onelineage.com,Lineage
http://www.modere.com,Modere
http://www.homechef.com,Home Chef
http://www.reyescocacola.com,Reyes Coca-Cola Bottling
http://www.restaurant.org,National Restaurant Association
http://www.ulta.com,Ulta Beauty
http://www.scentsy.com,"Scentsy, Inc. (Corporate Office)"
http://www.bathandbodyworks.com,Bath & Body Works
http://www.omahasteaks.com,Omaha Steaks
http://www.unfpa.org,United Nations Population Fund (UNFPA)
http://www.condenast.com,CondÃƒÂ© Nast
http://www.dollargeneral.com,Dollar General
http://www.newlywedsfoods.com,Newly Weds Foods
http://www.compeer.com,Compeer Financial
http://www.dunkindonuts.com,Dunkin'Ã¢â‚¬â€¹
http://www.marchofdimes.org,March of Dimes
http://www.eatright.org,Academy of Nutrition and Dietetics
http://www.internationalpaper.com,International Paper
http://www.sc.edu,University of South Carolina
http://www.osfhealthcare.org,OSF HealthCare
http://www.hayward.com,"Hayward Holdings, Inc."
http://www.fleetfeet.com,Fleet Feet
http://www.acefitness.org,American Council on Exercise (ACE Fitness)
http://www.fareway.com,"Fareway Stores, Inc."
http://www.girlscouts.org,Girl Scouts of the USA
http://www.bluebottlecoffee.com,Blue Bottle Coffee
http://www.llbean.com,L.L.Bean
http://www.pccmarkets.com,PCC Community Markets
http://www.sharecare.com,Sharecare
http://www.grahampackaging.com,Graham Packaging
http://www.balchem.com,Balchem Corporation
http://www.gnc.com,GNC
http://www.constellationenergy.com,Constellation
http://www.amwater.com,American Water
http://www.amgen.com,Amgen
http://www.zurvita.com,"Zurvita, Inc"
http://www.albertsons.com,Albertsons
http://www.usaid.gov,USAID
http://www.baf.com,Basic American Foods
http://www.itron.com,"Itron, Inc."
http://www.marathonoil.com,Marathon Oil Corporation
http://www.labcorp.com,Labcorp
http://www.freshexpress.com,Fresh Express
http://www.jhpiego.org,Jhpiego
http://www.safeway.com,Safeway
http://www.albertsonscompanies.com,Albertsons Companies
http://www.kehe.com,KeHE Distributors
http://www.christushealth.org,CHRISTUS Health
http://www.advocare.com,AdvoCare
http://www.glanbianutritionals.com,Glanbia Nutritionals
http://www.tjx.com,"The TJX Companies, Inc."
http://www.usenourish.com,Nourish
http://www.parkerskitchen.com,Parker's
http://www.cancer.org,American Cancer Society
http://www.saloncentric.com,SalonCentric - A Subsidiary of L'Oreal USA
http://www.meetup.com,Meetup
http://www.xyngular.com,Xyngular Corporation
http://www.americancentury.com,American Century Investments
http://www.farmerbros.com,Farmer Brothers
http://www.mccormickcorporation.com,McCormick & Company
http://www.amare.com,Amare Global
http://www.flowersfoods.com,Flowers Foods & Subsidiaries
http://www.7brew.com,7 Brew Coffee
http://www.pathfinder.org,Pathfinder International
http://www.edf.org,Environmental Defense Fund
http://www.nmhealth.org,New Mexico Department of Health
http://www.fresh.com,Fresh
http://www.nationalfuel.com,National Fuel Gas Company
http://www.panerabread.com,Panera Bread
http://www.projecthope.org,Project HOPE
http://www.ingredion.com,Ingredion Incorporated
http://www.capbluecross.com,Capital Blue Cross
http://www.waterforpeople.org,Water For People
http://www.yoli.com,Yoli
http://www.safholland.com,SAF-HOLLAND Inc.
http://www.noom.com,Noom
http://www.intrahealth.org,IntraHealth International
http://www.syndigo.com,Syndigo
http://www.standardprocess.com,Standard Process Inc.
http://www.wd40company.com,WD-40 Company
http://www.sallybeauty.com,Sally Beauty
http://www.eastman.com,Eastman
http://www.performancefoodservice.com,Performance Foodservice
http://www.bimbobakeriesusa.com,Bimbo Bakeries USA
http://www.millerknoll.com,MillerKnoll
http://www.naturalresources-sf.com,Natural Resources
http://www.rheem.com,Rheem Manufacturing
http://www.halo.com,HALO Branded Solutions
http://www.sloan.com,Sloan
http://www.naturessunshine.com,NSP
http://www.tallgrass.com,Tallgrass Energy
http://www.southernstates.com,Southern States Cooperative
http://www.sprouts.com,Sprouts Farmers Market
http://www.postholdings.com,Post Holdings
http://www.landolakesinc.com,"Land O'Lakes, Inc."
http://www.ussilica.com,U.S. Silica Company
http://www.awginc.com,Associated Wholesale Grocers
http://www.bloombergindustry.com,Bloomberg Industry Group
http://www.biglots.com,Big Lots
http://www.herbalife.com,Herbalife
http://www.usp.org,US Pharmacopeia
http://www.naturesway.com,Nature's Way
http://www.diabetes.org,American Diabetes Association
http://www.betterbeing.com,Better Being Co.
http://www.shaws.com,Shaw's Supermarkets
http://www.kmllp.in,Kalyaniwalla & Mistry LLP
http://www.chemtreat.com,ChemTreat
http://www.shopneolife.com,NeoLife International
http://www.freshdirect.com,FreshDirect
http://www.ecowater.com,EcoWater Systems LLC
http://www.immunotec.com,Immunotec
http://www.shoprite.com,ShopRite
http://www.blissworld.com,Bliss
http://www.bluecrossmn.com,Blue Cross and Blue Shield of Minnesota
http://www.wegmans.com,Wegmans Food Markets
http://www.pharmacytimes.com,Pharmacy Times
http://www.crs.org,Catholic Relief Services
http://www.abbott.com,Abbott
http://www.adm.com,Archer Daniels Midland Company
http://www.bakermckenzie.com,Baker McKenzie
http://www.bunge.com,Bunge
http://www.cargill.com,Cargill
http://www.coca-colacompany.com,The Coca-Cola Company
http://www.doordash.com,DoorDash
http://www.dow.com,Dow
http://www.elcompanies.com,The EstÃƒÂ©e Lauder Companies Inc.
http://www.enersys.com,EnerSys
http://www.everestglobal.com,Everest
http://www.hcahealthcare.com,HCA Healthcare
http://www.homedepot.com,The Home Depot
http://www.honeywell.com,Honeywell
http://www.iqvia.com,IQVIA
http://www.kaiserpermanente.org,Kaiser Permanente
http://www.kraftheinzcompany.com,Kraft Heinz
http://www.libertymutualgroup.com,Liberty Mutual Insurance
http://www.lilly.com,Eli Lilly and Company
http://www.mars.com,Mars
http://www.merck.com,Merck
http://www.msd.com,MSD
http://www.nielseniq.com,NielsenIQ
http://www.pepsico.com,PepsiCo
http://www.pfizer.com,Pfizer
http://www.pg.com,Procter & Gamble
http://www.russellreynolds.com,Russell Reynolds Associates
http://www.steward.org,Steward Health Care
http://www.un.org,United Nations
http://www.usda.gov,USDA
http://www.yum.com,Yum! Brands
http://www.watermillexpress.com,Watermill Express
http://www.thefreshgrocer.com,Fresh Grocer
http://www.autochlor.com,Auto-Chlor System
http://www.sendiks.com,Sendik's Food Market
http://www.okcapsule.com,OK Capsule
http://www.1stphorm.com,1st Phorm International
http://www.medicalteams.org,Medical Teams International
http://www.abcfws.com,ABC Fine Wine & Spirits
http://www.inglescareers.com,"Ingles Markets, Inc."
http://www.revolutiontea.com,Revolution Tea
http://www.honestmed.com,Honest Medical
http://www.keyfood.com,Key Food Stores Co-Operative Inc.
http://www.petsupermarket.com,Pet Supermarket
http://www.fairwaymarket.com,Fairway Market
http://www.wisconsincheeseman.com,"Wisconsin Food Gift Company, LLC"
http://www.actionagainsthunger.org,Action Against Hunger | ACF-USA
http://www.rainbird.com,Rain Bird Corporation
http://www.guayaki.com,GuayakÃƒÂ­ Yerba Mate
http://www.biotrust.com,BioTRUST Nutrition
http://www.greenlineapothecary.com,Green Line Apothecary
http://www.yelloh.com,Yelloh
http://www.gognarly.com,Gnarly Nutrition
http://www.freshandco.com,fresh&co
http://www.petfood.express,Pet Food Express
http://www.resbiotic.com,resbiotic
http://www.worthy.com,Worthy.com
http://www.kombuchatown.com,Kombucha Town
http://www.varsitytutors.com,"Varsity Tutors, a Nerdy Company"
http://www.culligan.com,Culligan International
http://www.privatespringwater.com,"Private Spring Water, LLC"
http://www.homecityice.com,Home City Ice
http://www.corepoweryoga.com,CorePower Yoga
http://www.culturedsouth.com,Cultured South Fermentation Co.
http://www.nepalteacollective.com,"Nepal Tea Collective, PBC."
http://www.personanutrition.com,Persona Nutrition
http://www.topchefmeals.com,Top Chef Meals
http://www.cleanbeauty.com,Clean Beauty Collective Inc.
http://www.tiestatea.com,Tiesta Tea Company
http://www.rouses.com,Rouses Markets
http://www.raewellness.co,Rae Wellness
http://www.gerber.com,Gerber
http://www.mygreenlab.org,My Green Lab
http://www.valleywater.org,Valley Water
http://www.fertilitysourcecompanies.com,Fertility Source Companies
http://www.belliwelli.com,belliwelli
http://www.haggen.com,"Haggen, Inc."
http://www.hellobubble.com,Bubble
http://www.mcclancy.com,McClancy Foods & Flavors
http://www.coolsculpting.com,ZELTIQ
http://www.tasteforlife.com,Taste for Life
http://www.sfcg.org,Search for Common Ground
http://www.aeropress.com,"AeroPress, Inc."
http://www.territoryfoods.com,Territory Foods
http://www.flashreturns.com,Flash Returns LLC
http://www.navipointhealth.com,"Navipoint Health, Inc."
http://www.reasors.com,Reasor's
http://www.currentwater.org,Current
http://www.nutrientsurvival.com,Nutrient Survival
http://www.mango.org,National Mango Board
http://www.threestonehearth.com,Three Stone Hearth
http://www.theedgefitnessclubs.com,The Edge Fitness Clubs LLC
http://www.topsmarkets.com,Tops Markets
http://www.acmemarkets.com,Acme Markets
http://www.quiviracoalition.org,Quivira Coalition
http://www.freshwaterfuture.org,Freshwater Future
http://www.bdgastore.com,Bodega
http://www.boncook.com,bon COOK
http://www.tryfleet.com,Fleet Logistics
http://www.edgetecs.com,Edgetec Solutions
http://www.beautybridge.com,BEAUTY BRIDGE
http://www.pricechopper.com,Price Chopper Supermarkets-Market 32
http://www.newseasonsmarket.com,New Seasons Market
http://www.vbsr.org,Vermont Businesses for Social Responsibility (VBSR)
http://www.mafsi.org,ManufacturersÃ¢â‚¬â„¢ Agents Association for the Foodservice Industry (MAFSI)
http://www.foodcity.com,Food City / KVAT Foods Inc.
http://www.naturallynewyork.org,Naturally New York
http://www.fairtradeamerica.org,Fairtrade America
http://www.larkin-us.com,Larkin Inc.
http://www.essentialoil.com,Essential Oil
http://www.rmbw.com,Rocky Mountain Bottled Water
http://www.fairfaxwater.org,Fairfax Water - Official
http://www.elephantsandtea.org,Elephants and Tea
http://www.citta.org,CITTA
http://www.cancerandcareers.org,Cancer and Careers
http://www.goodstartpackaging.com,Good Start Packaging
http://www.drinkperfectwater.com,Perfect Water
http://www.namiiowa.org,NAMI Iowa
http://www.farmstand.org,FarmSTAND
http://www.inclusivedevelopment.net,Inclusive Development International
http://www.primeelitemed.com,PrimeEliteMed.com
http://www.womansworld.com,Womans World
http://www.helenafoodshare.org,Helena Food Share
http://www.water.com,DS Services
http://www.85cbakerycafe.com,85C Bakery Cafe
http://www.hannaford.com,Hannaford Supermarkets
http://www.lotusbevalliance.com,Lotus Beverage Alliance
http://www.nutritionfacts.org,NutritionFacts.org
http://www.cvsspecialty.com,CVS Specialty
http://www.outcarehealth.org,OutCare Health
http://www.nestlepurinacareers.com,NestlÃƒÂ© IT North America
http://www.petsupermarket.org,Pet Supermarket
http://www.jewelosco.com,Jewel-Osco
http://www.arcouncil.net,Addiction Resource Council
http://www.impactfund.org,Impact Fund
http://www.engagingarkansas.org,Engaging Arkansas Communities
http://www.uwbroome.org,United Way of Broome County
http://www.pranarom.us,Pranarom USA
http://www.wadairy.org,Dairy Farmers of Washington
http://www.delivery.com,delivery.com
http://www.watereducation.org,Water Education Foundation
http://www.myserenitykids.com,Serenity Kids
http://www.freshthyme.com,Fresh Thyme Market
http://www.landssake.org,Land's Sake Farm
http://www.communitywatercenter.org,Community Water Center
http://www.drinkhydrant.com,Hydrant
http://www.noshdelivery.co,Nosh Delivery
http://www.odpbusiness.com,ODP Business Solutions
http://www.metrowater.com,Metro Water District
http://www.calwater.com,California Water Service
http://www.orioncoffeeandtea.com,Orion Coffee & Tea
http://www.energetichealthinstitute.org,Energetic Health Institute
http://www.piperandleaf.com,Piper & Leaf Tea Co.
http://www.macrocaplabs.com,MacroCap Labs Inc
http://www.bevtest.com,Beverage Testing Institute
http://www.climatichomeproducts.com,Climatic Home Products
http://www.tastesalud.com,Salud
http://www.rmiwyoming.com,Rocky Mountain Industrial Supply
http://www.integrativepro.com,Ã§Â»Â¼Ã¥ÂË†Ã¦Â²Â»Ã§â€“â€”
http://www.fruitfulyield.com,Fruitful Yield
http://www.aquasystemsalabama.com,Aqua Systems of Alabama
http://www.libertycoke.com,Liberty Coca-Cola Beverages
http://www.uofmhealthwest.org,University of Michigan Health-West
http://www.poolzoom.com,PoolZoom
http://www.thefishandbone.com,The Fish & Bone
http://www.wearecocina.com,COCINA
http://www.lassens.com,"Lassens Natural Foods & Vitamins, LLC"
http://www.core-elcentro.org,CORE El Centro
http://www.pureh2otogo.com,H2O TO GO
http://www.tupperware.com,Tupperware
http://www.turkanafood.com,Turkana Food
http://www.cupoftea-oregon.com,Cup of Tea - Oregon
http://www.mypurewater.com,"Pure & Secure, LLC"
http://www.mcevoyranch.com,McEvoy Ranch
http://www.winneram.com,Winneram International Inc
http://www.bigy.com,Big Y World Class Market
http://www.lifesourcenaturalfoods.com,LIFESOURCE NATURAL FOODS
http://www.draxe.com,Dr. Axe
http://www.animalequality.org,Animal Equality
http://www.naturewise.com,NatureWise
http://www.docr.coffee,Dessert Oasis Coffee Roasters
http://www.randalls.com,Randalls Food Market
http://www.nationalwaterservice.com,National Water Service
http://www.primasupply.com,Prima Ã¤Â¾â€ºÃ¥Âºâ€
http://www.ultimate-water.com,Ultimate Water of Texas
http://www.regionalaccess.net,Regional Access
http://www.healthywomen.org,HealthyWomen
http://www.vitalbody.com,VitalBody
http://www.rainsoft.com,Rainsoft Water Treatment
http://www.perchhome.com,Perch Home & Company
http://www.bestpricenutrition.com,Best Price Nutrition
http://www.copa-vida.com,Copa Vida
http://www.sprigs.life,Sprigs Life
http://www.upworthy.com,Upworthy
http://www.pureessencelabs.com,Pure Essence Labs
http://www.oaktownspiceshop.com,Oaktown Spice Shop
http://www.thewhistlingkettle.com,Whistling Kettle
http://www.dynamichealth.com,Dynamic Health Laboratories
http://www.commongroundmgs.com,Commonground/MGS
http://www.familywellness.com,FAMILY WELLNESS ASSOCIATES
http://www.peoples.coop,Peoples Food Co-op
http://www.h2odistributors.com,H2O Distributors
http://www.kimballmidwest.com,Kimball Midwest
http://www.vons.com,VONS
http://www.nytlicensing.com,The New York Times Licensing Group
http://www.naturecity.com,NatureCity
http://www.shopjimmy.com,ShopJimmy
http://www.ddsdiscounts.com,DDS DISCOUNTS
http://www.donastar.com,Donastar Enterprises LLC
http://www.plantpoweredmetrony.org,Plant Powered Metro New York
http://www.mortonsalt.com,Morton Salt
http://www.prideproducts.com,Pride Products
http://www.kikkomanusa.com,"Kikkoman Sales USA, Inc."
http://www.nfraweb.org,"National Frozen and Refrigerated Foods Association, Inc."
http://www.naturalharvest.coop,Natural Harvest Food Co-op
http://www.blueapron.com,Blue Apron
http://www.o2cool.com,"O2COOL, LLC"
http://www.bodyhealth.com,"BodyHealth, LLC"
http://www.redleafpress.org,Redleaf Press
http://www.medtronicdiabetes.net,Medtronic Diabetes
http://www.balduccis.com,Balducci's Food Lover's Market
http://www.futureceuticals.com,FutureCeuticals
http://www.advocateaurorahealth.org,Advocate Aurora Health
http://www.americares.org,Americares
http://www.aveda.com,Aveda
http://www.beautybrands.com,Beauty Brands
http://www.benchmarkgensuite.com,Benchmark GensuiteÃ‚Â®
http://www.cartridgeworldusa.com,Cartridge World North America
http://www.children.org,Children International
http://www.culliganmidmissouri.com,Culligan Water Conditioning
http://www.domtar.com,Domtar
http://www.drybar.com,Drybar
http://www.hamiltonbeach.com,Hamilton Beach Brands Inc.
http://www.inotivco.com,Inotiv
http://www.le-vel.com,Le-Vel
http://www.michaelfoods.com,Michael Foods
http://www.moen.com,Moen Incorporated
http://www.plexusworldwide.com,Plexus Worldwide
http://www.rainintl.com,Rain International
http://www.ritasice.com,Rita's Italian Ice
http://www.tastefullysimple.com,Tastefully Simple
http://www.tranont.com,Tranont
http://www.womenforwomen.org,Women for Women International
http://www.lemonaidhealth.com,Lemonaid Health
http://www.tubebuddy.com,TubeBuddy
http://www.sweetteafactory.com,"Sweet Tea Factory, LLC"
http://www.fsastore.com,Fsastore.com
http://www.kaldiscoffee.com,Kaldis Coffee Roasting
http://www.thenaturalbabyco.com,The Natural Baby Company LLC
http://www.carmelcoffeeroasters.com,barnyard the
http://www.onsensecret.com,"OD International, Inc."
http://www.theproducebox.com,The Produce Box
http://www.pdpw.org,Trend Micro Incorporated A
http://www.juiceranch.com,JUICE RANCH LLC
http://www.reducetarian.org,REDUCETARIAN FOUNDATION
http://www.specsonline.com,SPEC LLC
http://www.medi-dyne.com,Medi-Dyne
http://www.imlakeshorganics.com,imlakeshorganics.com
http://www.ascentprotein.com,ascent protein
